<?xml version="1.0" encoding="UTF-8" standalone="yes"?>
<addon id="repository.vss" name="VSS Repo" version="1.0.1" provider-name="VSS GM">
    <extension point="xbmc.addon.repository" name="PrimePlay.py">
        <info compressed="false">https://raw.githubusercontent.com/parz-cell/v.s-repo/master/addons.xml</info>
		<checksum>https://raw.githubusercontent.com/parz-cell/v.s-repo/master/addons.xml.md5</checksum>
		<datadir zip="true">https://raw.githubusercontent.com/parz-cell/v.s-repo/master/repo</datadir>
    </extension>
    <extension point="xbmc.addonmetadata">
        <summary>Repositório VSS</summary>
        <description>O Repositório dos meus Addons</description>
        <platform>all</platform>
    </extension>
</addon>

