<?xml version="1.0" encoding="UTF-8" standalone="yes"?>
<addon id="plugin.video.ace2.0" name="[B][COLOR white]Animes[/COLOR] [COLOR yellow]Play[/COLOR][/B]" version="1.0.1" provider-name="V.S.S"> 
    <requires>
        <import addon="xbmc.python" version="2.1.0"/>
		<import addon="script.module.simplejson"/>
    </requires>
    <extension point="xbmc.python.pluginsource" library="main.py">
        <provides>video</provides>
  <extension point="xbmc.python.pluginsource" library="default.py">
    <provides>video</provides>
  </extension>
        <summary>Os Melhores animes aqui!.</summary>
        <description>Animes Play oferece diversos animes para o kodi.</description>
        <disclaimer>Animes Play não hospeda os conteudos, todos os animes são links agregados ao addon.</disclaimer>
        <platform>all</platform>
    </extension>
</addon>